Title,Upload Time (UTC)
The Final Images We Will Ever See of Pluto and Arrokoth,21:58:35
The Deepest We Have Ever Seen Into the Sun | SDO 4K,19:30:00
What did NASA's New Horizons discover around Pluto?,14:03:26
The Gravity Illusion,17:00:23
NASA Cassini's Final Images of Saturn Stunned Me,15:06:10
What El Ni√±o Will Do to Earth,21:20:58
The Tragic Final Images of NASA's Opportunity Rover | Opportunity Episode 7,17:26:44
What Voyager Detected at the Edge of the Solar System,17:30:04
Everything We Know About 'Oumuamua,16:01:29
Time Does Not Exist. Let me explain with a graph.,18:06:22
